x,y
0,1840
1,1910
2,1927
3,1856
4,1637
5,1503
6,1525
7,1761
8,1904
9,1936
10,1885
11,1685
12,1535
13,1495
14,1725
15,1887
16,1953
17,1929
18,1744
19,1570
20,1492
21,1691
22,1866
23,1965
24,1949
25,1787
26,1586
27,1483
28,1638
29,1833
30,1946
31,1930
32,1818
33,1616
34,1504
35,1595
36,1799
37,1923
38,1938
39,1872
40,1654
41,1519
42,1535
43,1775
44,1917
45,1952
46,1904
47,1702
48,1555
49,1499
50,1721
51,1879
52,1949
53,1919
54,1733
55,1553
56,1470
57,1675
58,1849
59,1936
60,1923
61,1767
62,1578
63,1481
64,1633
65,1824
66,1934
67,1926
68,1823
69,1625
70,1511
71,1598
72,1808
73,1925
74,1936
75,1868
76,1663
77,1531
78,1514
79,1755
80,1900
81,1945
82,1886
83,1683
84,1535
85,1498
86,1731
87,1874
88,1955
89,1926
90,1742
91,1557
92,1481
93,1693
94,1872
95,1968
96,1925
97,1777
98,1590
99,1486
100,1613
101,1801
102,1919
103,1920
104,1821
105,1603
106,1493
107,1569
108,1776
109,1891
110,1905
111,1853
112,1653
113,1520
114,1502
115,1736
116,1882
117,1936
118,1891
119,1697
120,1535
121,1494
122,1715
123,1872
124,1931
125,1904
126,1734
127,1563
128,1488
129,1670
130,1836
131,1918
132,1910
133,1776
134,1565
135,1490
136,1631
137,1819
138,1921
139,1915
140,1808
141,1614
142,1500
143,1585
144,1793
145,1904
146,1917
147,1865
148,1668
149,1535
150,1529
151,1749
152,1901
153,1920
154,1866
155,1680
156,1535
157,1507
158,1739
159,1885
160,1940
161,1904
162,1726
163,1535
164,1473
165,1677
166,1843
167,1929
168,1917
169,1777
170,1600
171,1492
172,1630
173,1814
174,1918
175,1915
176,1810
177,1607
178,1481
179,1559
180,1778
181,1903
182,1922
183,1852
184,1649
185,1519
186,1518
187,1746
188,1890
189,1925
190,1878
191,1685
192,1592
193,1476
194,1689
195,1847
196,1910
197,1888
198,1713
199,1534
200,1461
201,1662
202,1838
203,1936
204,1906
205,1786
206,1608
207,1491
208,1621
209,1808
210,1916
211,1912
212,1814
213,1625
214,1510
215,1584
216,1787
217,1911
218,1930
219,1866
220,1664
221,1526
222,1525
223,1743
224,1876
225,1913
226,1869
227,1676
228,1527
229,1495
230,1726
231,1885
232,1950
233,1925
234,1756
235,1584
236,1509
237,1687
238,1861
239,1951
240,1936
241,1794
242,1597
243,1488
244,1616
245,1808
246,1918
247,1915
248,1809
249,1610
250,1488
251,1571
252,1787
253,1919
254,1937
255,1867
256,1669
257,1584
258,1520
259,1760
260,1901
261,1942
262,1888
263,1705
264,1570
265,1508
266,1727
267,1911
268,1933
269,1901
270,1733
271,1566
272,1488
273,1668
274,1843
275,1931
276,1918
277,1783
278,1593
279,1492
280,1617
281,1802
282,1904
283,1903
284,1808
285,1615
286,1497
287,1559
288,1771
289,1901
290,1918
291,1857
292,1661
293,1523
294,1520
295,1759
296,1893
297,1936
298,1895
299,1699
300,1535
301,1479
302,1699
303,1857
304,1926
305,1902
306,1735
307,1563
308,1478
309,1654
310,1834
311,1924
312,1909
313,1780
314,1584
315,1479
316,1604
317,1797
318,1903
319,1901
320,1810
321,1616
322,1502
323,1561
324,1773
325,1900
326,1919
327,1851
328,1650
329,1513
330,1490
331,1738
332,1874
333,1919
334,1863
335,1680
336,1529
337,1478
338,1696
339,1847
340,1925
341,1893
342,1726
343,1559
344,1473
345,1645
346,1821
347,1923
348,1907
349,1782
350,1579
351,1471
352,1591
353,1787
354,1902
355,1904
356,1812
357,1616
358,1499
359,1553
360,1766
361,1904
362,1926
363,1866
364,1662
365,1520
366,1506
367,1742
368,1875
369,1921
370,1872
371,1677
372,1513
373,1460
374,1677
375,1835
376,1919
377,1888
378,1731
379,1566
380,1476
381,1649
382,1838
383,1936
384,1926
385,1803
386,1596
387,1488
388,1589
389,1795
390,1907
391,1911
392,1829
393,1615
394,1509
395,1563
396,1835
397,1899
398,1923
399,1860
400,1666
401,1523
402,1514
403,1746
404,1891
405,1946
406,1906
407,1717
408,1571
409,1509
410,1717
411,1877
412,1958
413,1922
414,1761
415,1590
416,1506
417,1680
418,1843
419,1933
420,1911
421,1797
422,1606
423,1515
424,1641
425,1838
426,1942
427,1923
428,1831
429,1638
430,1534
431,1584
432,1792
433,1916
434,1935
435,1870
436,1674
437,1535
438,1520
439,1745
440,1879
441,1931
442,1889
443,1706
444,1557
445,1493
446,1696
447,1855
448,1939
449,1909
450,1754
451,1581
452,1488
453,1649
454,1821
455,1918
456,1917
457,1798
458,1606
459,1490
460,1585
461,1792
462,1917
463,1926
464,1851
465,1621
466,1519
467,1562
468,1785
469,1903
470,1933
471,1870
472,1663
473,1520
474,1471
475,1714
476,1863
477,1920
478,1875
479,1702
480,1525
481,1471
482,1684
483,1836
484,1934
485,1911
486,1753
487,1556
488,1483
489,1647
490,1825
491,1932
492,1901
493,1797
494,1601
495,1488
496,1584
497,1805
498,1920
499,1936
500,1862
501,1635
502,1520
503,1535
504,1770
505,1902
506,1927
507,1861
508,1673
509,1535
510,1489
511,1727
512,1873
513,1924
514,1878
515,1711
516,1534
517,1471
518,1680
519,1830
520,1936
521,1970
522,1748
523,1557
524,1474
525,1633
526,1814
527,1915
528,1910
529,1798
530,1588
531,1480
532,1573
533,1843
534,1908
535,1924
536,1840
537,1627
538,1495
539,1520
540,1744
541,1875
542,1904
543,1851
544,1658
545,1510
546,1481
547,1721
548,1871
549,1929
550,1903
551,1714
552,1535
553,1470
554,1667
555,1841
556,1936
557,1910
558,1760
559,1578
560,1474
561,1634
562,1812
563,1919
564,1917
565,1808
566,1600
567,1485
568,1579
569,1785
570,1914
571,1922
572,1847
573,1642
574,1511
575,1533
576,1754
577,1898
578,1931
579,1881
580,1696
581,1566
582,1502
583,1736
584,1872
585,1929
586,1862
587,1715
588,1535
589,1477
590,1680
591,1856
592,1950
593,1937
594,1787
595,1606
596,1507
597,1650
598,1827
599,1931
600,1921
601,1820
602,1626
603,1515
604,1613
605,1814
606,1933
607,1936
608,1853
609,1642
610,1505
611,1520
612,1746
613,1883
614,1919
615,1870
616,1674
617,1527
618,1503
619,1738
620,1900
621,1954
622,1922
623,1741
624,1577
625,1500
626,1689
627,1855
628,1936
629,1922
630,1776
631,1595
632,1491
633,1645
634,1818
635,1919
636,1910
637,1807
638,1600
639,1494
640,1593
641,1799
642,1929
643,1943
644,1856
645,1665
646,1525
647,1535
648,1758
649,1879
650,1929
651,1882
652,1694
653,1535
654,1503
655,1735
656,1887
657,1954
658,1916
659,1741
660,1580
661,1578
662,1698
663,1868
664,1951
665,1919
666,1765
667,1583
668,1491
669,1649
670,1834
671,1935
672,1920
673,1807
674,1598
675,1488
676,1583
677,1783
678,1904
679,1920
680,1849
681,1654
682,1534
683,1535
684,1773
685,1911
686,1941
687,1893
688,1707
689,1569
690,1527
691,1750
692,1879
693,1935
694,1904
695,1726
696,1563
697,1487
698,1671
699,1840
700,1938
701,1917
702,1765
703,1579
704,1482
705,1623
706,1811
707,1926
708,1923
709,1819
710,1605
711,1493
712,1587
713,1797
714,1911
715,1916
716,1822
717,1621
718,1518
719,1522
720,1744
721,1875
722,1935
723,1927
724,1698
725,1535
726,1507
727,1735
728,1875
729,1934
730,1904
731,1726
732,1556
733,1483
734,1671
735,1839
736,1927
737,1904
738,1760
739,1586
740,1498
741,1649
742,1840
743,1936
744,1927
745,1821
746,1614
747,1493
748,1576
749,1785
750,1909
751,1922
752,1848
753,1645
754,1521
755,1525
756,1745
757,1889
758,1930
759,1890
760,1699
761,1554
762,1507
763,1739
764,1878
765,1933
766,1904
767,1726
768,1558
769,1478
770,1668
771,1835
772,1931
773,1911
774,1766
775,1577
776,1476
777,1628
778,1826
779,1923
780,1918
781,1830
782,1622
783,1511
784,1575
785,1795
786,1909
787,1916
788,1827
789,1622
790,1505
791,1506
792,1739
793,1871
794,1936
795,1898
796,1693
797,1518
798,1473
799,1712
800,1863
801,1936
802,1887
803,1712
804,1527
805,1452
806,1634
807,1821
808,1939
809,1925
810,1786
811,1581
812,1485
813,1612
814,1792
815,1890
816,1894
817,1808
818,1598
819,1535
820,1616
821,1762
822,1887
823,1905
824,1838
825,1631
826,1499
827,1502
828,1731
829,1870
830,1907
831,1870
